{
  "ObjectDefinitions": [
    {
      "Type": "Point",
      "Class": "Primitive",
      "Properties": [
        {
          "Property": "x",
          "Type": "Float"
        },
        {
          "Property": "y",
          "Type": "Float"
        }
      ]
    },
    {
      "Type": "Color",
      "Class": "Primitive",
      "Properties": [
        {
          "Property": "a",
          "Type": "Float"
        },
        {
          "Property": "r",
          "Type": "Float"
        },
        {
          "Property": "g",
          "Type": "Float"
        },
        {
          "Property": "b",
          "Type": "Float"
        }
      ]
    },
    {
      "Type": "Size",
      "Class": "Primitive",
      "Properties": [
        {
          "Property": "w",
          "Type": "Float"
        },
        {
          "Property": "h",
          "Type": "Float"
        }
      ]
    },
    {
      "Type": "Rect",
      "Class": "Primitive",
      "Properties": [
        {
          "Property": "x",
          "Type": "Float"
        },
        {
          "Property": "y",
          "Type": "Float"
        },
        {
          "Property": "w",
          "Type": "Float"
        },
        {
          "Property": "h",
          "Type": "Float"
        }
      ]
    },
    {
      "Type": "PreviewImage",
      "Class": "ArticyObject",
      "Properties": [
        {
          "Property": "ViewBox",
          "Type": "Rect"
        },
        {
          "Property": "Mode",
          "Type": "PreviewImageViewBoxModes"
        },
        {
          "Property": "Asset",
          "Type": "Id"
        }
      ]
    },
    {
      "Type": "Transformation",
      "Class": "ArticyObject",
      "Properties": [
        {
          "Property": "Pivot",
          "Type": "Point"
        },
        {
          "Property": "Rotation",
          "Type": "Float"
        },
        {
          "Property": "Translation",
          "Type": "Point"
        },
        {
          "Property": "Matrix",
          "Type": "Array",
          "ItemType": "Float"
        }
      ]
    },
    {
      "Type": "OutgoingConnection",
      "Class": "ArticyObject",
      "Properties": [
        {
          "Property": "Label",
          "Type": "ArticyString"
        },
        {
          "Property": "Color",
          "Type": "Color"
        },
        {
          "Property": "TargetPin",
          "Type": "InputPin"
        },
        {
          "Property": "Target",
          "Type": "Id"
        }
      ]
    },
    {
      "Type": "IncomingConnection",
      "Class": "ArticyObject",
      "Properties": [
        {
          "Property": "Label",
          "Type": "ArticyString"
        },
        {
          "Property": "Color",
          "Type": "Color"
        },
        {
          "Property": "SourcePin",
          "Type": "OutputPin"
        },
        {
          "Property": "Source",
          "Type": "Id"
        }
      ]
    },
    {
      "Type": "OutputPin",
      "Class": "ArticyObject",
      "Properties": [
        {
          "Property": "Text",
          "Type": "Script_Instruction"
        },
        {
          "Property": "Id",
          "Type": "Id"
        },
        {
          "Property": "Owner",
          "Type": "Id"
        },
        {
          "Property": "Connections",
          "Type": "Array",
          "ItemType": "OutgoingConnection"
        }
      ]
    },
    {
      "Type": "InputPin",
      "Class": "ArticyObject",
      "Properties": [
        {
          "Property": "Text",
          "Type": "Script_Condition"
        },
        {
          "Property": "Id",
          "Type": "Id"
        },
        {
          "Property": "Owner",
          "Type": "Id"
        },
        {
          "Property": "Connections",
          "Type": "Array",
          "ItemType": "OutgoingConnection"
        }
      ]
    },
    {
      "Type": "LocationAnchor",
      "Class": "ArticyObject",
      "Properties": [
        {
          "Property": "AnchorPositionX",
          "Type": "Float"
        },
        {
          "Property": "AnchorPositionY",
          "Type": "Float"
        },
        {
          "Property": "AnchorColor",
          "Type": "Color"
        },
        {
          "Property": "AnchorSize",
          "Type": "LocationAnchorSize"
        }
      ]
    },
    {
      "Type": "SpeciesProperty",
      "Class": "Enum",
      "DisplayName": "Species",
      "Values": {
        "BearClass": 0,
        "WolfClass": 1,
        "RatClass": 2
      },
      "DisplayNames": {
        "BearClass": "Bear",
        "WolfClass": "Wolf",
        "RatClass": "Rat"
      }
    },
    {
      "Type": "ClassProperty",
      "Class": "Enum",
      "DisplayName": "Class",
      "Values": {
        "SwordClass": 0
      },
      "DisplayNames": {
        "SwordClass": "Sword"
      }
    },
    {
      "Type": "Species",
      "Class": "Enum",
      "DisplayName": "Species",
      "Values": {
        "Human": 0
      },
      "DisplayNames": {
        "Human": "Human"
      }
    },
    {
      "Type": "Sex",
      "Class": "Enum",
      "DisplayName": "Sex",
      "Values": {
        "Male": 0,
        "Female": 1,
        "Unknown": 2
      },
      "DisplayNames": {
        "Male": "Male",
        "Female": "Female",
        "Unknown": "Unknown"
      }
    },
    {
      "Type": "ShapeType",
      "Class": "Enum",
      "DisplayName": "ShapeType",
      "Values": {
        "Invalid": 0,
        "Spot": 1,
        "Circle": 2,
        "Rectangle": 3,
        "Path": 4,
        "Polygon": 5,
        "Link": 6
      },
      "DisplayNames": {
        "Invalid": "Invalid",
        "Spot": "Spot",
        "Circle": "Circle",
        "Rectangle": "Rectangle",
        "Path": "Path",
        "Polygon": "Polygon",
        "Link": "Link"
      }
    },
    {
      "Type": "SelectabilityModes",
      "Class": "Enum",
      "DisplayName": "SelectabilityModes",
      "Values": {
        "Unselectable": 0,
        "Selectable": 1
      },
      "DisplayNames": {
        "Unselectable": "Unselectable",
        "Selectable": "Selectable"
      }
    },
    {
      "Type": "VisibilityModes",
      "Class": "Enum",
      "DisplayName": "VisibilityModes",
      "Values": {
        "Invisible": 0,
        "Visible": 1
      },
      "DisplayNames": {
        "Invisible": "Invisible",
        "Visible": "Visible"
      }
    },
    {
      "Type": "OutlineStyle",
      "Class": "Enum",
      "DisplayName": "OutlineStyle",
      "Values": {
        "Solid": 0,
        "Dot": 1,
        "Dash": 2,
        "DashDot": 3,
        "DashDotDot": 4
      },
      "DisplayNames": {
        "Solid": "Solid",
        "Dot": "Dot",
        "Dash": "Dash",
        "DashDot": "DashDot",
        "DashDotDot": "DashDotDot"
      }
    },
    {
      "Type": "PathCaps",
      "Class": "Enum",
      "DisplayName": "PathCaps",
      "Values": {
        "ColoredDot": 0,
        "None": 1,
        "LineArrowHead": 2,
        "FilledArrowHead": 3,
        "Diamond": 4,
        "Square": 5,
        "Disc": 6
      },
      "DisplayNames": {
        "ColoredDot": "ColoredDot",
        "None": "None",
        "LineArrowHead": "LineArrowHead",
        "FilledArrowHead": "FilledArrowHead",
        "Diamond": "Diamond",
        "Square": "Square",
        "Disc": "Disc"
      }
    },
    {
      "Type": "LocationAnchorSize",
      "Class": "Enum",
      "DisplayName": "LocationAnchorSize",
      "Values": {
        "Small": 0,
        "Medium": 1,
        "Large": 2
      },
      "DisplayNames": {
        "Small": "Small",
        "Medium": "Medium",
        "Large": "Large"
      }
    },
    {
      "Type": "PreviewImageViewBoxModes",
      "Class": "Enum",
      "DisplayName": "PreviewImageViewBoxModes",
      "Values": {
        "FromAsset": 0,
        "Custom": 1
      },
      "DisplayNames": {
        "FromAsset": "FromAsset",
        "Custom": "Custom"
      }
    },
    {
      "Type": "FlowFragment",
      "Class": "FlowFragment",
      "DisplayName": "FlowFragment",
      "Properties": [
        {
          "Property": "Attachments",
          "Type": "Array",
          "ItemType": "Id"
        },
        {
          "Property": "DisplayName",
          "Type": "ArticyMultiLanguageString"
        },
        {
          "Property": "PreviewImage",
          "Type": "PreviewImage"
        },
        {
          "Property": "Color",
          "Type": "Color"
        },
        {
          "Property": "Text",
          "Type": "ArticyMultiLanguageString"
        },
        {
          "Property": "ExternalId",
          "Type": "String"
        },
        {
          "Property": "Position",
          "Type": "Point"
        },
        {
          "Property": "ZIndex",
          "Type": "Float"
        },
        {
          "Property": "Size",
          "Type": "Size"
        },
        {
          "Property": "ShortId",
          "Type": "UInt"
        },
        {
          "Property": "Id",
          "Type": "Id"
        },
        {
          "Property": "TechnicalName",
          "Type": "String"
        },
        {
          "Property": "Parent",
          "Type": "Id"
        },
        {
          "Property": "InputPins",
          "Type": "Array",
          "ItemType": "InputPin"
        },
        {
          "Property": "OutputPins",
          "Type": "Array",
          "ItemType": "OutputPin"
        }
      ]
    },
    {
      "Type": "CombatFlowTemplate",
      "Class": "FlowFragment",
      "InheritsFrom": "FlowFragment",
      "Template": {
        "TechnicalName": "CombatFlowTemplate",
        "DisplayName": "Combat Flow",
        "Features": []
      }
    },
    {
      "Type": "CraftingFlowTemplate",
      "Class": "FlowFragment",
      "InheritsFrom": "FlowFragment",
      "Template": {
        "TechnicalName": "CraftingFlowTemplate",
        "DisplayName": "Crafting Flow",
        "Features": []
      }
    },
    {
      "Type": "TravelFlowTemplate",
      "Class": "FlowFragment",
      "InheritsFrom": "FlowFragment",
      "Template": {
        "TechnicalName": "TravelFlowTemplate",
        "DisplayName": "Travel Flow",
        "Features": []
      }
    },
    {
      "Type": "PlayerActionFlowTemplate",
      "Class": "FlowFragment",
      "InheritsFrom": "FlowFragment",
      "Template": {
        "TechnicalName": "PlayerActionFlowTemplate",
        "DisplayName": "Player Action Flow",
        "Features": []
      }
    },
    {
      "Type": "DialogueIntActionTemplate",
      "Class": "FlowFragment",
      "InheritsFrom": "FlowFragment",
      "Template": {
        "TechnicalName": "DialogueIntActionTemplate",
        "DisplayName": "Dialogue - Interactive Action",
        "Features": []
      }
    },
    {
      "Type": "DialogueInternalActionTemplate",
      "Class": "FlowFragment",
      "InheritsFrom": "FlowFragment",
      "Template": {
        "TechnicalName": "DialogueInternalActionTemplate",
        "DisplayName": "Dialogue - Internal Action",
        "Features": []
      }
    },
    {
      "Type": "DialogueExplorationActionTemplate",
      "Class": "FlowFragment",
      "InheritsFrom": "FlowFragment",
      "Template": {
        "TechnicalName": "DialogueExplorationActionTemplate",
        "DisplayName": "Dialogue - Exploration Action",
        "Features": []
      }
    },
    {
      "Type": "QuestHeaderTemplate",
      "Class": "FlowFragment",
      "InheritsFrom": "FlowFragment",
      "Template": {
        "TechnicalName": "QuestHeaderTemplate",
        "DisplayName": "Quest Header",
        "Features": []
      }
    },
    {
      "Type": "SubQuestTemplate",
      "Class": "FlowFragment",
      "InheritsFrom": "FlowFragment",
      "Template": {
        "TechnicalName": "SubQuestTemplate",
        "DisplayName": "SubQuest",
        "Features": []
      }
    },
    {
      "Type": "LocationTemplate",
      "Class": "FlowFragment",
      "InheritsFrom": "FlowFragment",
      "Template": {
        "TechnicalName": "LocationTemplate",
        "DisplayName": "Location",
        "Features": []
      }
    },
    {
      "Type": "InfoUI",
      "Class": "FlowFragment",
      "InheritsFrom": "FlowFragment",
      "Template": {
        "TechnicalName": "InfoUI",
        "DisplayName": "InfoUI",
        "Features": []
      }
    },
    {
      "Type": "Minigame",
      "Class": "FlowFragment",
      "InheritsFrom": "FlowFragment",
      "Template": {
        "TechnicalName": "Minigame",
        "DisplayName": "Minigame",
        "Features": []
      }
    },
    {
      "Type": "Dialogue",
      "Class": "Dialogue",
      "DisplayName": "Dialogue",
      "Properties": [
        {
          "Property": "Attachments",
          "Type": "Array",
          "ItemType": "Id"
        },
        {
          "Property": "DisplayName",
          "Type": "ArticyMultiLanguageString"
        },
        {
          "Property": "PreviewImage",
          "Type": "PreviewImage"
        },
        {
          "Property": "Color",
          "Type": "Color"
        },
        {
          "Property": "Text",
          "Type": "ArticyMultiLanguageString"
        },
        {
          "Property": "ExternalId",
          "Type": "String"
        },
        {
          "Property": "Position",
          "Type": "Point"
        },
        {
          "Property": "ZIndex",
          "Type": "Float"
        },
        {
          "Property": "Size",
          "Type": "Size"
        },
        {
          "Property": "ShortId",
          "Type": "UInt"
        },
        {
          "Property": "Id",
          "Type": "Id"
        },
        {
          "Property": "TechnicalName",
          "Type": "String"
        },
        {
          "Property": "Parent",
          "Type": "Id"
        },
        {
          "Property": "InputPins",
          "Type": "Array",
          "ItemType": "InputPin"
        },
        {
          "Property": "OutputPins",
          "Type": "Array",
          "ItemType": "OutputPin"
        }
      ]
    },
    {
      "Type": "DialogueFragment",
      "Class": "DialogueFragment",
      "DisplayName": "DialogueFragment",
      "Properties": [
        {
          "Property": "MenuText",
          "Type": "ArticyString"
        },
        {
          "Property": "StageDirections",
          "Type": "ArticyString"
        },
        {
          "Property": "Speaker",
          "Type": "Id"
        },
        {
          "Property": "SplitHeight",
          "Type": "Float"
        },
        {
          "Property": "Color",
          "Type": "Color"
        },
        {
          "Property": "Text",
          "Type": "ArticyMultiLanguageString"
        },
        {
          "Property": "ExternalId",
          "Type": "String"
        },
        {
          "Property": "Position",
          "Type": "Point"
        },
        {
          "Property": "ZIndex",
          "Type": "Float"
        },
        {
          "Property": "Size",
          "Type": "Size"
        },
        {
          "Property": "ShortId",
          "Type": "UInt"
        },
        {
          "Property": "Id",
          "Type": "Id"
        },
        {
          "Property": "TechnicalName",
          "Type": "String"
        },
        {
          "Property": "Parent",
          "Type": "Id"
        },
        {
          "Property": "InputPins",
          "Type": "Array",
          "ItemType": "InputPin"
        },
        {
          "Property": "OutputPins",
          "Type": "Array",
          "ItemType": "OutputPin"
        }
      ]
    },
    {
      "Type": "DialogueInteractiveFragmentTemplate",
      "Class": "DialogueFragment",
      "InheritsFrom": "DialogueFragment",
      "Template": {
        "TechnicalName": "DialogueInteractiveFragmentTemplate",
        "DisplayName": "Dialogue - Interactive",
        "Features": []
      }
    },
    {
      "Type": "DialogueExplorationFragmentTemplate",
      "Class": "DialogueFragment",
      "InheritsFrom": "DialogueFragment",
      "Template": {
        "TechnicalName": "DialogueExplorationFragmentTemplate",
        "DisplayName": "Dialogue - Exploration",
        "Features": []
      }
    },
    {
      "Type": "Hub",
      "Class": "Hub",
      "DisplayName": "Hub",
      "Properties": [
        {
          "Property": "DisplayName",
          "Type": "ArticyString"
        },
        {
          "Property": "Color",
          "Type": "Color"
        },
        {
          "Property": "Text",
          "Type": "ArticyString"
        },
        {
          "Property": "ExternalId",
          "Type": "String"
        },
        {
          "Property": "Position",
          "Type": "Point"
        },
        {
          "Property": "ZIndex",
          "Type": "Float"
        },
        {
          "Property": "Size",
          "Type": "Size"
        },
        {
          "Property": "ShortId",
          "Type": "UInt"
        },
        {
          "Property": "Id",
          "Type": "Id"
        },
        {
          "Property": "TechnicalName",
          "Type": "String"
        },
        {
          "Property": "Parent",
          "Type": "Id"
        },
        {
          "Property": "InputPins",
          "Type": "Array",
          "ItemType": "InputPin"
        },
        {
          "Property": "OutputPins",
          "Type": "Array",
          "ItemType": "OutputPin"
        }
      ]
    },
    {
      "Type": "Comment",
      "Class": "Comment",
      "DisplayName": "Comment",
      "Properties": [
        {
          "Property": "CreatedBy",
          "Type": "ArticyString"
        },
        {
          "Property": "CreatedOn",
          "Type": "DateTime"
        },
        {
          "Property": "Color",
          "Type": "Color"
        },
        {
          "Property": "Text",
          "Type": "ArticyString"
        },
        {
          "Property": "ExternalId",
          "Type": "String"
        },
        {
          "Property": "Position",
          "Type": "Point"
        },
        {
          "Property": "ZIndex",
          "Type": "Float"
        },
        {
          "Property": "Size",
          "Type": "Size"
        },
        {
          "Property": "ShortId",
          "Type": "UInt"
        },
        {
          "Property": "Id",
          "Type": "Id"
        },
        {
          "Property": "TechnicalName",
          "Type": "String"
        },
        {
          "Property": "Parent",
          "Type": "Id"
        }
      ]
    },
    {
      "Type": "Jump",
      "Class": "Jump",
      "DisplayName": "Jump",
      "Properties": [
        {
          "Property": "Color",
          "Type": "Color"
        },
        {
          "Property": "Text",
          "Type": "ArticyString"
        },
        {
          "Property": "ExternalId",
          "Type": "String"
        },
        {
          "Property": "Position",
          "Type": "Point"
        },
        {
          "Property": "ZIndex",
          "Type": "Float"
        },
        {
          "Property": "Size",
          "Type": "Size"
        },
        {
          "Property": "ShortId",
          "Type": "UInt"
        },
        {
          "Property": "Id",
          "Type": "Id"
        },
        {
          "Property": "TechnicalName",
          "Type": "String"
        },
        {
          "Property": "Parent",
          "Type": "Id"
        },
        {
          "Property": "Target",
          "Type": "Id"
        },
        {
          "Property": "TargetPin",
          "Type": "Id"
        },
        {
          "Property": "InputPins",
          "Type": "Array",
          "ItemType": "InputPin"
        },
        {
          "Property": "OutputPins",
          "Type": "Array",
          "ItemType": "OutputPin"
        }
      ]
    },
    {
      "Type": "Entity",
      "Class": "Entity",
      "DisplayName": "Entity",
      "Properties": [
        {
          "Property": "Attachments",
          "Type": "Array",
          "ItemType": "Id"
        },
        {
          "Property": "DisplayName",
          "Type": "ArticyMultiLanguageString"
        },
        {
          "Property": "Color",
          "Type": "Color"
        },
        {
          "Property": "Text",
          "Type": "ArticyMultiLanguageString"
        },
        {
          "Property": "ExternalId",
          "Type": "String"
        },
        {
          "Property": "Position",
          "Type": "Point"
        },
        {
          "Property": "ZIndex",
          "Type": "Float"
        },
        {
          "Property": "Size",
          "Type": "Size"
        },
        {
          "Property": "PreviewImage",
          "Type": "PreviewImage"
        },
        {
          "Property": "ShortId",
          "Type": "UInt"
        },
        {
          "Property": "Id",
          "Type": "Id"
        },
        {
          "Property": "TechnicalName",
          "Type": "String"
        },
        {
          "Property": "Parent",
          "Type": "Id"
        }
      ]
    },
    {
      "Type": "PCTemplate",
      "Class": "Entity",
      "InheritsFrom": "Entity",
      "Template": {
        "TechnicalName": "PCTemplate",
        "DisplayName": "Player Character",
        "Features": [
          {
            "TechnicalName": "Basic_Character_Feature",
            "DisplayName": "Basic Character Feature",
            "Properties": [
              {
                "Property": "Age",
                "Type": "Float",
                "DisplayName": "Age"
              },
              {
                "Property": "Sex",
                "Type": "Sex",
                "DisplayName": "Sex",
                "Localizable": true
              },
              {
                "Property": "Occupation",
                "Type": "ArticyMultiLanguageString",
                "DisplayName": "Profession",
                "Localizable": true
              },
              {
                "Property": "VoiceActor",
                "Type": "ArticyMultiLanguageString",
                "DisplayName": "Voice Actor",
                "Localizable": true
              },
              {
                "Property": "CharDescNotion",
                "Type": "ArticyString",
                "DisplayName": "Character Description - Notion"
              },
              {
                "Property": "Species",
                "Type": "Species",
                "DisplayName": "Species"
              }
            ],
            "Constraints": [
              {
                "Property": "Age",
                "Type": "Number",
                "MinValue": "-3.4028234663852886E+38",
                "MaxValue": "3.4028234663852886E+38",
                "Precision": "0",
                "MinPrecision": "0",
                "MaxPrecision": "0",
                "Unit": null
              },
              {
                "Property": "Sex",
                "Type": "Enum",
                "IsLocalized": "True",
                "SortMode": "BySortIndex"
              },
              {
                "Property": "Occupation",
                "Type": "Text",
                "MaxLength": "2048",
                "PlaceholderValue": "",
                "IsLocalized": "True",
                "AllowsLinebreaks": "False",
                "HasVoiceOver": "False"
              },
              {
                "Property": "VoiceActor",
                "Type": "Text",
                "MaxLength": "2048",
                "PlaceholderValue": "",
                "IsLocalized": "True",
                "AllowsLinebreaks": "False",
                "HasVoiceOver": "False"
              },
              {
                "Property": "CharDescNotion",
                "Type": "Text",
                "MaxLength": "2048",
                "PlaceholderValue": "",
                "IsLocalized": "False",
                "AllowsLinebreaks": "False",
                "HasVoiceOver": "False"
              },
              {
                "Property": "Species",
                "Type": "Enum",
                "IsLocalized": "False",
                "SortMode": "BySortIndex"
              }
            ]
          }
        ]
      }
    },
    {
      "Type": "NPCTemplate",
      "Class": "Entity",
      "InheritsFrom": "Entity",
      "Template": {
        "TechnicalName": "NPCTemplate",
        "DisplayName": "NPC",
        "Features": [
          {
            "TechnicalName": "Basic_Character_Feature",
            "DisplayName": "Basic Character Feature",
            "Properties": [
              {
                "Property": "Age",
                "Type": "Float",
                "DisplayName": "Age"
              },
              {
                "Property": "Sex",
                "Type": "Sex",
                "DisplayName": "Sex",
                "Localizable": true
              },
              {
                "Property": "Occupation",
                "Type": "ArticyMultiLanguageString",
                "DisplayName": "Profession",
                "Localizable": true
              },
              {
                "Property": "VoiceActor",
                "Type": "ArticyMultiLanguageString",
                "DisplayName": "Voice Actor",
                "Localizable": true
              },
              {
                "Property": "CharDescNotion",
                "Type": "ArticyString",
                "DisplayName": "Character Description - Notion"
              },
              {
                "Property": "Species",
                "Type": "Species",
                "DisplayName": "Species"
              }
            ],
            "Constraints": [
              {
                "Property": "Age",
                "Type": "Number",
                "MinValue": "-3.4028234663852886E+38",
                "MaxValue": "3.4028234663852886E+38",
                "Precision": "0",
                "MinPrecision": "0",
                "MaxPrecision": "0",
                "Unit": null
              },
              {
                "Property": "Sex",
                "Type": "Enum",
                "IsLocalized": "True",
                "SortMode": "BySortIndex"
              },
              {
                "Property": "Occupation",
                "Type": "Text",
                "MaxLength": "2048",
                "PlaceholderValue": "",
                "IsLocalized": "True",
                "AllowsLinebreaks": "False",
                "HasVoiceOver": "False"
              },
              {
                "Property": "VoiceActor",
                "Type": "Text",
                "MaxLength": "2048",
                "PlaceholderValue": "",
                "IsLocalized": "True",
                "AllowsLinebreaks": "False",
                "HasVoiceOver": "False"
              },
              {
                "Property": "CharDescNotion",
                "Type": "Text",
                "MaxLength": "2048",
                "PlaceholderValue": "",
                "IsLocalized": "False",
                "AllowsLinebreaks": "False",
                "HasVoiceOver": "False"
              },
              {
                "Property": "Species",
                "Type": "Enum",
                "IsLocalized": "False",
                "SortMode": "BySortIndex"
              }
            ]
          }
        ]
      }
    },
    {
      "Type": "WeaponTemplate",
      "Class": "Entity",
      "InheritsFrom": "Entity",
      "Template": {
        "TechnicalName": "WeaponTemplate",
        "DisplayName": "Weapon",
        "Features": [
          {
            "TechnicalName": "WeaponFeature",
            "DisplayName": "Weapon Feature",
            "Properties": [
              {
                "Property": "ClassProperty",
                "Type": "ClassProperty",
                "DisplayName": "Class"
              },
              {
                "Property": "WhichPCInv",
                "Type": "Float",
                "DisplayName": "Which Player Inventory (0-4)"
              }
            ],
            "Constraints": [
              {
                "Property": "ClassProperty",
                "Type": "Enum",
                "IsLocalized": "False",
                "SortMode": "BySortIndex"
              },
              {
                "Property": "WhichPCInv",
                "Type": "Number",
                "MinValue": "0",
                "MaxValue": "4",
                "Precision": "0",
                "MinPrecision": "0",
                "MaxPrecision": "0",
                "Unit": null
              }
            ]
          }
        ]
      }
    },
    {
      "Type": "EnemyGenericTemplate",
      "Class": "Entity",
      "InheritsFrom": "Entity",
      "Template": {
        "TechnicalName": "EnemyGenericTemplate",
        "DisplayName": "Enemy - Generic",
        "Features": [
          {
            "TechnicalName": "Enemy_feature",
            "DisplayName": "Enemy Feature",
            "Properties": [
              {
                "Property": "SpeciesProperty",
                "Type": "SpeciesProperty",
                "DisplayName": "Species"
              },
              {
                "Property": "PossessedStatus",
                "Type": "Bool",
                "DisplayName": "Is Possessed?"
              }
            ],
            "Constraints": [
              {
                "Property": "SpeciesProperty",
                "Type": "Enum",
                "IsLocalized": "False",
                "SortMode": "BySortIndex"
              },
              {
                "Property": "PossessedStatus",
                "Type": "Boolean",
                "DisplayAsCombobox": "False"
              }
            ]
          }
        ]
      }
    },
    {
      "Type": "innervoice_template",
      "Class": "Entity",
      "InheritsFrom": "Entity",
      "Template": {
        "TechnicalName": "innervoice_template",
        "DisplayName": "InnerVoice",
        "Features": [
          {
            "TechnicalName": "Basic_Character_Feature",
            "DisplayName": "Basic Character Feature",
            "Properties": [
              {
                "Property": "Age",
                "Type": "Float",
                "DisplayName": "Age"
              },
              {
                "Property": "Sex",
                "Type": "Sex",
                "DisplayName": "Sex",
                "Localizable": true
              },
              {
                "Property": "Occupation",
                "Type": "ArticyMultiLanguageString",
                "DisplayName": "Profession",
                "Localizable": true
              },
              {
                "Property": "VoiceActor",
                "Type": "ArticyMultiLanguageString",
                "DisplayName": "Voice Actor",
                "Localizable": true
              },
              {
                "Property": "CharDescNotion",
                "Type": "ArticyString",
                "DisplayName": "Character Description - Notion"
              },
              {
                "Property": "Species",
                "Type": "Species",
                "DisplayName": "Species"
              }
            ],
            "Constraints": [
              {
                "Property": "Age",
                "Type": "Number",
                "MinValue": "-3.4028234663852886E+38",
                "MaxValue": "3.4028234663852886E+38",
                "Precision": "0",
                "MinPrecision": "0",
                "MaxPrecision": "0",
                "Unit": null
              },
              {
                "Property": "Sex",
                "Type": "Enum",
                "IsLocalized": "True",
                "SortMode": "BySortIndex"
              },
              {
                "Property": "Occupation",
                "Type": "Text",
                "MaxLength": "2048",
                "PlaceholderValue": "",
                "IsLocalized": "True",
                "AllowsLinebreaks": "False",
                "HasVoiceOver": "False"
              },
              {
                "Property": "VoiceActor",
                "Type": "Text",
                "MaxLength": "2048",
                "PlaceholderValue": "",
                "IsLocalized": "True",
                "AllowsLinebreaks": "False",
                "HasVoiceOver": "False"
              },
              {
                "Property": "CharDescNotion",
                "Type": "Text",
                "MaxLength": "2048",
                "PlaceholderValue": "",
                "IsLocalized": "False",
                "AllowsLinebreaks": "False",
                "HasVoiceOver": "False"
              },
              {
                "Property": "Species",
                "Type": "Enum",
                "IsLocalized": "False",
                "SortMode": "BySortIndex"
              }
            ]
          }
        ]
      }
    },
    {
      "Type": "Evidence",
      "Class": "Entity",
      "InheritsFrom": "Entity",
      "Template": {
        "TechnicalName": "Evidence",
        "DisplayName": "Evidence",
        "Features": []
      }
    },
    {
      "Type": "SceneObject",
      "Class": "Entity",
      "InheritsFrom": "Entity",
      "Template": {
        "TechnicalName": "SceneObject",
        "DisplayName": "Scene Object",
        "Features": []
      }
    },
    {
      "Type": "Location",
      "Class": "Location",
      "DisplayName": "Location",
      "Properties": [
        {
          "Property": "Attachments",
          "Type": "Array",
          "ItemType": "Id"
        },
        {
          "Property": "DisplayName",
          "Type": "ArticyString"
        },
        {
          "Property": "PreviewImage",
          "Type": "PreviewImage"
        },
        {
          "Property": "Color",
          "Type": "Color"
        },
        {
          "Property": "Text",
          "Type": "ArticyString"
        },
        {
          "Property": "ExternalId",
          "Type": "String"
        },
        {
          "Property": "Position",
          "Type": "Point"
        },
        {
          "Property": "ZIndex",
          "Type": "Float"
        },
        {
          "Property": "Size",
          "Type": "Size"
        },
        {
          "Property": "ShortId",
          "Type": "UInt"
        },
        {
          "Property": "Id",
          "Type": "Id"
        },
        {
          "Property": "TechnicalName",
          "Type": "String"
        },
        {
          "Property": "Parent",
          "Type": "Id"
        }
      ]
    },
    {
      "Type": "LocationMapGenericTemplate",
      "Class": "Location",
      "InheritsFrom": "Location",
      "Template": {
        "TechnicalName": "LocationMapGenericTemplate",
        "DisplayName": "Location - Map - Generic",
        "Features": [
          {
            "TechnicalName": "Location_Feature",
            "DisplayName": "Location Feature",
            "Properties": [
              {
                "Property": "EnthralledActivityProperty",
                "Type": "Float",
                "DisplayName": "Enthralled Activity"
              }
            ],
            "Constraints": [
              {
                "Property": "EnthralledActivityProperty",
                "Type": "Number",
                "MinValue": "0",
                "MaxValue": "10",
                "Precision": "0",
                "MinPrecision": "0",
                "MaxPrecision": "0",
                "Unit": null
              }
            ]
          }
        ]
      }
    },
    {
      "Type": "Spot",
      "Class": "Spot",
      "DisplayName": "Spot",
      "Properties": [
        {
          "Property": "DisplayName",
          "Type": "ArticyString"
        },
        {
          "Property": "Color",
          "Type": "Color"
        },
        {
          "Property": "Text",
          "Type": "ArticyString"
        },
        {
          "Property": "ExternalId",
          "Type": "String"
        },
        {
          "Property": "Position",
          "Type": "Point"
        },
        {
          "Property": "ZIndex",
          "Type": "Float"
        },
        {
          "Property": "Size",
          "Type": "Size"
        },
        {
          "Property": "PreviewImage",
          "Type": "PreviewImage"
        },
        {
          "Property": "ShortId",
          "Type": "UInt"
        },
        {
          "Property": "Visibility",
          "Type": "VisibilityModes"
        },
        {
          "Property": "ShowDisplayName",
          "Type": "Boolean"
        },
        {
          "Property": "DisplayNameColor",
          "Type": "Color"
        },
        {
          "Property": "DisplayNameSize",
          "Type": "Int"
        },
        {
          "Property": "OutlineColor",
          "Type": "Color"
        },
        {
          "Property": "OutlineSize",
          "Type": "Float"
        },
        {
          "Property": "OutlineStyle",
          "Type": "OutlineStyle"
        },
        {
          "Property": "DropShadow",
          "Type": "Boolean"
        },
        {
          "Property": "Selectability",
          "Type": "SelectabilityModes"
        },
        {
          "Property": "Id",
          "Type": "Id"
        },
        {
          "Property": "TechnicalName",
          "Type": "String"
        },
        {
          "Property": "Parent",
          "Type": "Id"
        }
      ]
    },
    {
      "Type": "Zone",
      "Class": "Zone",
      "DisplayName": "Zone",
      "Properties": [
        {
          "Property": "DisplayName",
          "Type": "ArticyString"
        },
        {
          "Property": "PreviewImage",
          "Type": "PreviewImage"
        },
        {
          "Property": "Vertices",
          "Type": "Array",
          "ItemType": "Point"
        },
        {
          "Property": "Transform",
          "Type": "Transformation"
        },
        {
          "Property": "ShapeType",
          "Type": "ShapeType"
        },
        {
          "Property": "Color",
          "Type": "Color"
        },
        {
          "Property": "Text",
          "Type": "ArticyString"
        },
        {
          "Property": "ExternalId",
          "Type": "String"
        },
        {
          "Property": "ZIndex",
          "Type": "Float"
        },
        {
          "Property": "Size",
          "Type": "Size"
        },
        {
          "Property": "ShortId",
          "Type": "UInt"
        },
        {
          "Property": "Visibility",
          "Type": "VisibilityModes"
        },
        {
          "Property": "OutlineColor",
          "Type": "Color"
        },
        {
          "Property": "OutlineSize",
          "Type": "Float"
        },
        {
          "Property": "OutlineStyle",
          "Type": "OutlineStyle"
        },
        {
          "Property": "ShowDisplayName",
          "Type": "Boolean"
        },
        {
          "Property": "DisplayNameColor",
          "Type": "Color"
        },
        {
          "Property": "DisplayNameSize",
          "Type": "Int"
        },
        {
          "Property": "DropShadow",
          "Type": "Boolean"
        },
        {
          "Property": "Selectability",
          "Type": "SelectabilityModes"
        },
        {
          "Property": "Id",
          "Type": "Id"
        },
        {
          "Property": "TechnicalName",
          "Type": "String"
        },
        {
          "Property": "Parent",
          "Type": "Id"
        }
      ]
    },
    {
      "Type": "Path",
      "Class": "Path",
      "DisplayName": "Path",
      "Properties": [
        {
          "Property": "DisplayName",
          "Type": "ArticyString"
        },
        {
          "Property": "PreviewImage",
          "Type": "PreviewImage"
        },
        {
          "Property": "Vertices",
          "Type": "Array",
          "ItemType": "Point"
        },
        {
          "Property": "Transform",
          "Type": "Transformation"
        },
        {
          "Property": "Color",
          "Type": "Color"
        },
        {
          "Property": "Text",
          "Type": "ArticyString"
        },
        {
          "Property": "ExternalId",
          "Type": "String"
        },
        {
          "Property": "ZIndex",
          "Type": "Float"
        },
        {
          "Property": "Size",
          "Type": "Size"
        },
        {
          "Property": "ShortId",
          "Type": "UInt"
        },
        {
          "Property": "Visibility",
          "Type": "VisibilityModes"
        },
        {
          "Property": "Selectability",
          "Type": "SelectabilityModes"
        },
        {
          "Property": "ShowDisplayName",
          "Type": "Boolean"
        },
        {
          "Property": "DisplayNameColor",
          "Type": "Color"
        },
        {
          "Property": "DisplayNameSize",
          "Type": "Int"
        },
        {
          "Property": "DropShadow",
          "Type": "Boolean"
        },
        {
          "Property": "OutlineColor",
          "Type": "Color"
        },
        {
          "Property": "OutlineSize",
          "Type": "Float"
        },
        {
          "Property": "OutlineStyle",
          "Type": "OutlineStyle"
        },
        {
          "Property": "StartCap",
          "Type": "PathCaps"
        },
        {
          "Property": "EndCap",
          "Type": "PathCaps"
        },
        {
          "Property": "LineWidth",
          "Type": "Float"
        },
        {
          "Property": "Id",
          "Type": "Id"
        },
        {
          "Property": "TechnicalName",
          "Type": "String"
        },
        {
          "Property": "Parent",
          "Type": "Id"
        }
      ]
    },
    {
      "Type": "Link",
      "Class": "Link",
      "DisplayName": "Link",
      "Properties": [
        {
          "Property": "Color",
          "Type": "Color"
        },
        {
          "Property": "Text",
          "Type": "ArticyString"
        },
        {
          "Property": "ExternalId",
          "Type": "String"
        },
        {
          "Property": "Position",
          "Type": "Point"
        },
        {
          "Property": "ZIndex",
          "Type": "Float"
        },
        {
          "Property": "Size",
          "Type": "Size"
        },
        {
          "Property": "Target",
          "Type": "Id"
        },
        {
          "Property": "ShortId",
          "Type": "UInt"
        },
        {
          "Property": "Visibility",
          "Type": "VisibilityModes"
        },
        {
          "Property": "ShowDisplayName",
          "Type": "Boolean"
        },
        {
          "Property": "DisplayNameColor",
          "Type": "Color"
        },
        {
          "Property": "DisplayNameSize",
          "Type": "Int"
        },
        {
          "Property": "Selectability",
          "Type": "SelectabilityModes"
        },
        {
          "Property": "DropShadow",
          "Type": "Boolean"
        },
        {
          "Property": "Id",
          "Type": "Id"
        },
        {
          "Property": "TechnicalName",
          "Type": "String"
        },
        {
          "Property": "Parent",
          "Type": "Id"
        }
      ]
    },
    {
      "Type": "Asset",
      "Class": "Asset",
      "DisplayName": "Asset",
      "Properties": [
        {
          "Property": "DisplayName",
          "Type": "ArticyString"
        },
        {
          "Property": "Filename",
          "Type": "ArticyString"
        },
        {
          "Property": "OriginalSource",
          "Type": "ArticyString"
        },
        {
          "Property": "PreviewImage",
          "Type": "PreviewImage"
        },
        {
          "Property": "Color",
          "Type": "Color"
        },
        {
          "Property": "Text",
          "Type": "ArticyString"
        },
        {
          "Property": "ExternalId",
          "Type": "String"
        },
        {
          "Property": "Position",
          "Type": "Point"
        },
        {
          "Property": "ZIndex",
          "Type": "Float"
        },
        {
          "Property": "Size",
          "Type": "Size"
        },
        {
          "Property": "ShortId",
          "Type": "UInt"
        },
        {
          "Property": "Id",
          "Type": "Id"
        },
        {
          "Property": "TechnicalName",
          "Type": "String"
        },
        {
          "Property": "Parent",
          "Type": "Id"
        }
      ]
    },
    {
      "Type": "Condition",
      "Class": "Condition",
      "DisplayName": "Condition",
      "Properties": [
        {
          "Property": "DisplayName",
          "Type": "ArticyString"
        },
        {
          "Property": "Text",
          "Type": "ArticyString"
        },
        {
          "Property": "ExternalId",
          "Type": "String"
        },
        {
          "Property": "Position",
          "Type": "Point"
        },
        {
          "Property": "ZIndex",
          "Type": "Float"
        },
        {
          "Property": "Size",
          "Type": "Size"
        },
        {
          "Property": "ShortId",
          "Type": "UInt"
        },
        {
          "Property": "Expression",
          "Type": "Script_Condition"
        },
        {
          "Property": "Color",
          "Type": "Color"
        },
        {
          "Property": "Id",
          "Type": "Id"
        },
        {
          "Property": "TechnicalName",
          "Type": "String"
        },
        {
          "Property": "Parent",
          "Type": "Id"
        },
        {
          "Property": "InputPins",
          "Type": "Array",
          "ItemType": "InputPin"
        },
        {
          "Property": "OutputPins",
          "Type": "Array",
          "ItemType": "OutputPin"
        }
      ]
    },
    {
      "Type": "Instruction",
      "Class": "Instruction",
      "DisplayName": "Instruction",
      "Properties": [
        {
          "Property": "DisplayName",
          "Type": "ArticyString"
        },
        {
          "Property": "Text",
          "Type": "ArticyString"
        },
        {
          "Property": "ExternalId",
          "Type": "String"
        },
        {
          "Property": "Position",
          "Type": "Point"
        },
        {
          "Property": "ZIndex",
          "Type": "Float"
        },
        {
          "Property": "Size",
          "Type": "Size"
        },
        {
          "Property": "ShortId",
          "Type": "UInt"
        },
        {
          "Property": "Expression",
          "Type": "Script_Instruction"
        },
        {
          "Property": "Color",
          "Type": "Color"
        },
        {
          "Property": "Id",
          "Type": "Id"
        },
        {
          "Property": "TechnicalName",
          "Type": "String"
        },
        {
          "Property": "Parent",
          "Type": "Id"
        },
        {
          "Property": "InputPins",
          "Type": "Array",
          "ItemType": "InputPin"
        },
        {
          "Property": "OutputPins",
          "Type": "Array",
          "ItemType": "OutputPin"
        }
      ]
    },
    {
      "Type": "WaypointTemplate",
      "Class": "Instruction",
      "InheritsFrom": "Instruction",
      "Template": {
        "TechnicalName": "WaypointTemplate",
        "DisplayName": "Waypoint",
        "Features": []
      }
    },
    {
      "Type": "JournalEntryTemplate",
      "Class": "Instruction",
      "InheritsFrom": "Instruction",
      "Template": {
        "TechnicalName": "JournalEntryTemplate",
        "DisplayName": "Journal Entry",
        "Features": []
      }
    },
    {
      "Type": "PlayerActionTemplate",
      "Class": "Instruction",
      "InheritsFrom": "Instruction",
      "Template": {
        "TechnicalName": "PlayerActionTemplate",
        "DisplayName": "Player Action",
        "Features": []
      }
    },
    {
      "Type": "CraftingTemplate",
      "Class": "Instruction",
      "InheritsFrom": "Instruction",
      "Template": {
        "TechnicalName": "CraftingTemplate",
        "DisplayName": "Crafting",
        "Features": []
      }
    },
    {
      "Type": "CombatTemplate",
      "Class": "Instruction",
      "InheritsFrom": "Instruction",
      "Template": {
        "TechnicalName": "CombatTemplate",
        "DisplayName": "Combat",
        "Features": []
      }
    },
    {
      "Type": "TravelTemplate",
      "Class": "Instruction",
      "InheritsFrom": "Instruction",
      "Template": {
        "TechnicalName": "TravelTemplate",
        "DisplayName": "Travel",
        "Features": []
      }
    },
    {
      "Type": "AreaEventTemplate",
      "Class": "Instruction",
      "InheritsFrom": "Instruction",
      "Template": {
        "TechnicalName": "AreaEventTemplate",
        "DisplayName": "Area Event",
        "Features": []
      }
    },
    {
      "Type": "LocationText",
      "Class": "LocationText",
      "DisplayName": "LocationText",
      "Properties": [
        {
          "Property": "DisplayName",
          "Type": "ArticyString"
        },
        {
          "Property": "PreviewImage",
          "Type": "PreviewImage"
        },
        {
          "Property": "Anchors",
          "Type": "Array",
          "ItemType": "LocationAnchor"
        },
        {
          "Property": "Vertices",
          "Type": "Array",
          "ItemType": "Point"
        },
        {
          "Property": "Transform",
          "Type": "Transformation"
        },
        {
          "Property": "ShapeType",
          "Type": "ShapeType"
        },
        {
          "Property": "Color",
          "Type": "Color"
        },
        {
          "Property": "Text",
          "Type": "ArticyString"
        },
        {
          "Property": "ExternalId",
          "Type": "String"
        },
        {
          "Property": "ZIndex",
          "Type": "Float"
        },
        {
          "Property": "Size",
          "Type": "Size"
        },
        {
          "Property": "ShortId",
          "Type": "UInt"
        },
        {
          "Property": "Visibility",
          "Type": "VisibilityModes"
        },
        {
          "Property": "OutlineColor",
          "Type": "Color"
        },
        {
          "Property": "OutlineSize",
          "Type": "Float"
        },
        {
          "Property": "OutlineStyle",
          "Type": "OutlineStyle"
        },
        {
          "Property": "Selectability",
          "Type": "SelectabilityModes"
        },
        {
          "Property": "ForcedWidth",
          "Type": "Float"
        },
        {
          "Property": "ForcedHeight",
          "Type": "Float"
        },
        {
          "Property": "DropShadow",
          "Type": "Boolean"
        },
        {
          "Property": "Id",
          "Type": "Id"
        },
        {
          "Property": "TechnicalName",
          "Type": "String"
        },
        {
          "Property": "Parent",
          "Type": "Id"
        }
      ]
    },
    {
      "Type": "LocationImage",
      "Class": "LocationImage",
      "DisplayName": "LocationImage",
      "Properties": [
        {
          "Property": "DisplayName",
          "Type": "ArticyString"
        },
        {
          "Property": "PreviewImage",
          "Type": "PreviewImage"
        },
        {
          "Property": "Anchors",
          "Type": "Array",
          "ItemType": "LocationAnchor"
        },
        {
          "Property": "Vertices",
          "Type": "Array",
          "ItemType": "Point"
        },
        {
          "Property": "Transform",
          "Type": "Transformation"
        },
        {
          "Property": "ShapeType",
          "Type": "ShapeType"
        },
        {
          "Property": "Color",
          "Type": "Color"
        },
        {
          "Property": "Text",
          "Type": "ArticyString"
        },
        {
          "Property": "ExternalId",
          "Type": "String"
        },
        {
          "Property": "ZIndex",
          "Type": "Float"
        },
        {
          "Property": "Size",
          "Type": "Size"
        },
        {
          "Property": "ShortId",
          "Type": "UInt"
        },
        {
          "Property": "Visibility",
          "Type": "VisibilityModes"
        },
        {
          "Property": "OutlineColor",
          "Type": "Color"
        },
        {
          "Property": "OutlineSize",
          "Type": "Float"
        },
        {
          "Property": "OutlineStyle",
          "Type": "OutlineStyle"
        },
        {
          "Property": "Selectability",
          "Type": "SelectabilityModes"
        },
        {
          "Property": "DropShadow",
          "Type": "Boolean"
        },
        {
          "Property": "ClipRect",
          "Type": "Rect"
        },
        {
          "Property": "ImageOpacity",
          "Type": "Float"
        },
        {
          "Property": "ImageAsset",
          "Type": "Id"
        },
        {
          "Property": "CachedImageWidth",
          "Type": "Int"
        },
        {
          "Property": "CachedImageHeight",
          "Type": "Int"
        },
        {
          "Property": "ShowDisplayName",
          "Type": "Boolean"
        },
        {
          "Property": "DisplayNameColor",
          "Type": "Color"
        },
        {
          "Property": "DisplayNameSize",
          "Type": "Int"
        },
        {
          "Property": "Id",
          "Type": "Id"
        },
        {
          "Property": "TechnicalName",
          "Type": "String"
        },
        {
          "Property": "Parent",
          "Type": "Id"
        }
      ]
    },
    {
      "Type": "Document",
      "Class": "Document",
      "DisplayName": "Document",
      "Properties": [
        {
          "Property": "DisplayName",
          "Type": "ArticyString"
        },
        {
          "Property": "Color",
          "Type": "Color"
        },
        {
          "Property": "Text",
          "Type": "ArticyString"
        },
        {
          "Property": "ExternalId",
          "Type": "String"
        },
        {
          "Property": "Position",
          "Type": "Point"
        },
        {
          "Property": "ZIndex",
          "Type": "Float"
        },
        {
          "Property": "Size",
          "Type": "Size"
        },
        {
          "Property": "ShortId",
          "Type": "UInt"
        },
        {
          "Property": "Id",
          "Type": "Id"
        },
        {
          "Property": "TechnicalName",
          "Type": "String"
        },
        {
          "Property": "Parent",
          "Type": "Id"
        }
      ]
    },
    {
      "Type": "TextObject",
      "Class": "TextObject",
      "DisplayName": "TextObject",
      "Properties": [
        {
          "Property": "DisplayName",
          "Type": "ArticyString"
        },
        {
          "Property": "Attachments",
          "Type": "Array",
          "ItemType": "Id"
        },
        {
          "Property": "PreviewImage",
          "Type": "PreviewImage"
        },
        {
          "Property": "Color",
          "Type": "Color"
        },
        {
          "Property": "Text",
          "Type": "ArticyString"
        },
        {
          "Property": "ExternalId",
          "Type": "String"
        },
        {
          "Property": "Position",
          "Type": "Point"
        },
        {
          "Property": "ZIndex",
          "Type": "Float"
        },
        {
          "Property": "Size",
          "Type": "Size"
        },
        {
          "Property": "ShortId",
          "Type": "UInt"
        },
        {
          "Property": "Id",
          "Type": "Id"
        },
        {
          "Property": "TechnicalName",
          "Type": "String"
        },
        {
          "Property": "Parent",
          "Type": "Id"
        }
      ]
    },
    {
      "Type": "UserFolder",
      "Class": "UserFolder",
      "DisplayName": "UserFolder",
      "Properties": [
        {
          "Property": "DisplayName",
          "Type": "ArticyString"
        },
        {
          "Property": "ExternalId",
          "Type": "String"
        },
        {
          "Property": "ShortId",
          "Type": "UInt"
        },
        {
          "Property": "Id",
          "Type": "Id"
        },
        {
          "Property": "TechnicalName",
          "Type": "String"
        },
        {
          "Property": "Parent",
          "Type": "Id"
        },
        {
          "Property": "ZIndex",
          "Type": "Float"
        }
      ]
    }
  ]
}